"Official name","Activity","Alias","Statut","OS targetted","Threat actor","Algorithms","Pattern extension","Ransom notes (Name)","Links","Note","Last update"
"8Base","2022-now","","Active","Windows","8Base","AES256 + RSA1024","8base;","info.hta;info.txt","https://blogs.vmware.com/security/2023/06/8base-ransomware-a-heavy-hitting-player.html","Possible copycat or subgroup of RansomHouse group.The extension is also used as RAAS by Phobos",""
"AIDS","1989","","Not Active","Windows","","","","","https://www.virusbulletin.com/uploads/pdf/magazine/1990/199001.pdf","","11/24/2023"
"Archiveus","2006","MayAlert","Not Active","Windows","","RSA","","","https://web.archive.org/web/20230129125555/https://www.ecommercetimes.com/story/sophos-cracks-archiveus-ransomware-code-50881.html;https://ransomware.org/blog/archiveus-trojan-a-part-of-the-history-of-modern-ransomware/;https://www.knowbe4.com/archiveus-trojan","The Archiveus Trojan was the first ever ransomware strand to use RSA encryption","11/24/2023"
"Avaddon","2020-2021","","Not Active","Windows","Riddle spider","AES256 + RSA2048","avdn","\d{6}-readme.html","https://atos.net/en/lp/securitydive/avaddon-ransomware-analysis","",""
"B0r0nt0k","2019","","Not Active","Windows,Linux","","","rontok","","https://www.bleepingcomputer.com/news/security/b0r0nt0k-ransomware-wants-75-000-ransom-infects-linux-servers/","",""
"Babuk","2021","","Not Active","Windows;ESXI;Linux","Gold Sonata","ChaCha8/Sosemanuk+Curve25519 (ESXI); Curve25519/NIST K-571 + ChaCha20 (Windows)","babyk","How To Restore Your Files.txt","https://chuongdong.com/reverse%20engineering/2021/01/16/BabukRansomware-v3/;https://research.kudelskisecurity.com/2023/03/28/dissecting-and-detecting-babuk-ransomware-cryptography/","",""
"Bad Rabbit","2017","","Not Active","Windows","","AES-128 (CBC) + RSA-2048","","Readme.txt","https://securelist.com/bad-rabbit-ransomware/82851/","",""
"Bitpaymer","2017-2019","FriedEx;IEncrypt","Not Active","Windows","Gold Drake","RSA-1024 + 128-bit RC4; AES-256+ RSA-4096","locked;\w{3,12}","\w{3,12}_readme;readme_txt","https://www.trendmicro.com/en_us/research/18/l/ursnif-emotet-dridex-and-bitpaymer-gangs-linked-by-a-similar-loader.html;https://blog.morphisec.com/bitpaymer-ransomware-with-new-custom-packer-framework;https://id-ransomware.blogspot.com/2017/07/bitpaymer-ransomware.html","BitPaymer adds its file extension to the encrypted files � �.<company_name>�, alongside a ransom note with the same file name and - �.<company_name>_readme� extension.",""
"Blackbasta","2023-now","","Active","Windows,Linux,EXSI","Gold Rebellion","ChaCha20","basta","readme.txt","https://securityscorecard.com/research/a-deep-dive-into-black-basta-ransomware/,","",""
"Blackbyte","2021-now","Blackbyte NT","Active","Windows","Gold Lotus","AES-128 + RSA-1024;Curve25519+ ChaCha20","blackbyte;blackbytent","BlackByteRestore.txt","https://www.trustwave.com/en-us/resources/blogs/spiderlabs-blog/blackbyte-ransomware-pt-1-in-depth-analysis/;https://www.trustwave.com/en-us/resources/blogs/spiderlabs-blog/blackbyte-ransomware-pt-2-code-obfuscation-analysis/;https://www.zscaler.com/blogs/security-research/analysis-blackbyte-ransomware-s-go-based-variants;https://unit42.paloaltonetworks.com/blackbyte-ransomware/;https://blog.cluster25.duskrise.com/2023/05/22/back-in-black-blackbyte-nt","",""
"Blackcat","2021-now","ALPHV","Active","Windows,Linux,EXSI","Gold Blazer","AES;ChaCha20","\w{7}","RECOVER-.\w{7}.-FILES.txt","https://www.cloudsek.com/blog/technical-analysis-of-alphv-blackcat-ransomware;https://securityscorecard.com/research/deep-dive-into-alphv-blackcat-ransomware/https://www.varonis.com/blog/blackcat-ransomware","",""
"BlueSky","2022-now","","Active","Windows","","Curve25519 + ChaCha20","bluesky","# DECRYPT FILES BLUESKY #.html;# DECRYPT FILES BLUESKY #.txt","https://unit42.paloaltonetworks.com/bluesky-ransomware/;https://www.sentinelone.com/blog/bluesky-ransomware-ad-lateral-movement-evasion-and-fast-encryption-puts-threat-on-the-radar/","",""
"Cactus","2023","","Active","Windows","Twisted Spider/Maze","AES256 (GCM)","cts0;cts1","CaCtUs.ReAdMe.txt","https://www.arcticwolf.com/resources/blog/qlik-sense-exploited-in-cactus-ransomware-campaign/;https://resources.securityscorecard.com/research/deep-dive-cactus-ransomware;https://www.kroll.com/en/insights/publications/cyber/cactus-ransomware-prickly-new-variant-evades-detection","MAL_RANSOM_Cactus_Apr23;https://valhalla.nextron-systems.com/info/rule/MAL_RANSOM_Cactus_Apr23",""
"Cl0p","2019-now","","Active","Windows,Linux","Gold Heron","AES-256 + RSA-1024","Clop;C_I_0P;CIIp;C_L_O_P","ClopReadMe.txt;README_C_I_0P.TXT;!_READ_ME.RTF","https://www.sentinelone.com/labs/cl0p-ransomware-targets-linux-systems-with-flawed-encryption-decryptor-available/;https://www.cybereason.com/blog/research/cybereason-vs.-clop-ransomware;https://unit42.paloaltonetworks.com/atoms/clop-ransomware/","",""
"Conti","2019-2022","","Not Active","Windows,Linux","Gold Ulrick;Grim Spider","ChaCha8 + RSA-2048","PXILP;PSFUX;LSNWX;\w{5}","CONTI_README.txt;readme.txt","https://chuongdong.com/reverse%20engineering/2020/12/15/ContiRansomware/;https://assets.sentinelone.com/sentinellabs/conti-ransomware-unpacked;https://ieeexplore.ieee.org/document/9895237;https://lifars.com/wp-content/uploads/2021/10/ContiRansomware_Whitepaper.pdf;https://cybergeeks.tech/dissecting-the-last-version-of-conti-ransomware-using-a-step-by-step-approach/","A series of five letters is used as an extension, given the leaked source code used by Monti",""
"CryptoLocker","2013-2014","","Not Active","Windows","","AES-256 + RSA-2048","ecc;ezz;exx;zzz;xyz;aaa;abc;ccc;vvv;xxx;ttt;micro;encrypted;locked;crypto;_crypt;crinf;r5a;XRNT;XTBL;crypt;R16M01D05;pzdc;good;LOL!;OMG!;RDM;RRK;encryptedRSA;crjoker;EnCiPhErEd;LeChiffre;keybtc@inbox_com;0x0;bleep;1999;vault;HA3;toxcrypt;magic;SUPERCRYPT;CTBL;CTB2;locky ","HELP_(TO_DECRYPT_YOUR|TO_SAVE|RESTORE|RECOVER|YOUR)_FILES.txt;(RECOVERY|recovery|recover|restore)(_FILE|_FILES|file).txt","https://www.secureworks.com/research/cryptolocker-ransomware;https://www.reddit.com/r/sysadmin/comments/46361k/list_of_ransomware_extensions_and_known_ransom/","",""
"CryptoWall","2014-2016","","Not Active","Windows","","AES-256 + RSA-2048","CRYPTOWALL","DECRYPT_INSTRUCTION.(txt|html|url);HELP_YOUR_FILES.(txt|html|url)","https://www.proofpoint.com/fr/threat-reference/cryptowall-ransomware;https://news.sophos.com/en-us/2015/12/17/the-current-state-of-ransomware-cryptowall/","Successor of Cryptolocker",""
"CTB Locker","2014-2020","Critroni; Curve to Bitcoin Locker","Not Active","Windows","","AES-256 (CBC) + RSA 2048; curve25519+AES-256","ctbl;ctb2","DecryptAllFiles  \w{7}.txt;DecryptAllFiles.txt;\w{7}.html","https://www.pcrisk.com/removal-guides/8120-your-personal-files-are-encrypted-virus;https://www.mcafee.com/blogs/other-blogs/mcafee-labs/advanced-threat-research/;https://blog.checkpoint.com/security/malware-analysis-ctb-locker/","",""
"Cylance","2023","","Active","Windows,ESXI,Linux","","Salsa20","Cylance","CYLANCE_README.txt","https://blog.cyble.com/2023/04/07/new-cylance-ransomware-with-power-packed-commandline-options/;https://brandefense.io/blog/ransomware/cylance-ransomware-technical-analysis/","""Crypter@firemail.de""; ""Helper@firemail.de""","12/8/2023"
"Darkside","2020-2021","","Not Active","Windows","Gold Waterfall","Salsa20 + RSA-1024","[0-9a-f]{8}","README.[0-9a-f]{8}.TXT","https://www.dataprise.com/resources/blog/darkside-ransomware-analysis/;https://istrosec.com/blog/darkside-ransomware/;https://7orvs.github.io/malware%20analysis/DarkSide-Ransomeware/","",""
"Dharma","2016-now","Brrr;CrySiS;AI SARA;GPT ransomware","Active","Windows","Gold Orion","AES-256 (CBC) + RSA-1024","dharma;id-\w{8}.\[.{4,12}@\w{2,8}\.\w{2,5}\].\w{2,8};id-\w{8}-SARA.\[AI_SARA].GPT","README.txt;AI_SARA.txt","https://www.acronis.com/en-us/blog/posts/dharma-ransomware/;https://id-ransomware.blogspot.com/2016/11/dharma-ransomware.html;https://id-ransomware.blogspot.com/2023/08/aisara-ransomware.html","CrySiS  > Dharma > AI SARA",""
"Doppelpaymer","2019-2021","","Not Active","Windows","Gold Heron;Doppel Spider","AES-256 (CBC) + RSA-1024","locked;doppeled;readme2unlock;lock","MANUAL.txt;Info.hta","https://www.trendmicro.com/en_ca/research/21/a/an-overview-of-the-doppelpaymer-ransomware.html;https://www.malwarebytes.com/blog/news/2023/03/doppelpaymer-ransomware-group-disrupted-by-fbi-and-european-police-agencies","",""
"PayOrGrief","2021-2023","Grief","Not Active","Windows","Gold Heron;Doppel Spider","AES-256 + RSA-2048","pay0rgrief","","https://id-ransomware.blogspot.com/search?q=grief;https://fr.darktrace.com/blog/pulling-back-the-curtain-on-grief-ransomware;https://redcanary.com/blog/grief-ransomware/","Grief was recently rebranded from DoppelPaymer ransomware. A ransom note is written on the lock screen on a blue background:(Grief)",""
"Erebus","2017","","Not Active","Linux","","AES-256 + RSA-2048","ecrypt;grf;msj;sqj","_DECRYPT_FILE.txt;YOUR_FILES_HAS_BEEN_ENCRYPTED.(txt|html);README.html","https://www.trendmicro.com/en_us/research/17/f/erebus-resurfaces-as-linux-ransomware.html","",""
"ESXIArgs","2023","","Not Active","ESXI","","Sosemanuk+Curve25519","args","index.html","https://www.cloudsek.com/blog/analysis-of-files-used-in-esxiargs-ransomware-attack-against-vmware-esxi-servers;https://blogs.blackberry.com/en/2023/02/esxiargs-ransomware-knocking-out-unpatched-vmware-esxi-linux-servers-worldwide;https://www.youtube.com/watch?v=bBcvqxPdjoI&ab_channel=OALabs","",""
"PrideLocker","2023","","Not Active","ESXI","","Sosemanuk+Curve25519","encrypted","HOW TO RECOVER YOUR FILES.txt","https://www.synacktiv.com/publications/pridelocker-a-new-fork-of-babuk-esx-encryptor","variants based on Babuk source code",""
"GandCrab","2018-2019","","Not Active","Windows","Gold Garden","AES-256;Salsa20","CRAB;KRAB","KRAB-DECRYPT.txt","https://www.acronis.com/en-us/blog/posts/gandcrab/;https://www.fortinet.com/blog/threat-research/a-chronology-of-gandcrab-v4-x;https://www.vmray.com/cyber-security-blog/gandcrab-ransomware-evolution-analysis/;https://asec.ahnlab.com/en/17147/","",""
"GoldenEye","2017","","Not Active","Windows","","AES-256 (CBC)/Salsa20 + RSA-1024","\w{8}","YOUR_FILES_ARE_ENCRYPTED.txt","https://www.irjet.net/archives/V7/i12/IRJET-V7I1266.pdf;https://www.malwarebytes.com/blog/news/2016/12/goldeneye-ransomware-the-petyamischa-combo-rebranded","Not a wiper in all the cases",""
"GPCode","2006-2011","PGPCoder","Not Active","Windows","","AES-256+RSA-1024","GpCODE;PGP","HOW TO DECRYPT FILES.txt;ATTENTION!!!.TXT","https://www.knowbe4.com/gpcode;https://www.f-secure.com/v-descs/gpcode.shtml;https://www.xylibox.com/2011/01/gpcode-ransomware-2010-simple-analysis.html","",""
"Gwisinlocker","2022","","Not Active","Windows,Linux,ESXI","","AES-256+RSA-2048","mcrgnx","!!!_HOW_TO_UNLOCK_\w{3,16}_FILES_!!!.TXT","https://asec.ahnlab.com/en/37483/;https://www.reversinglabs.com/blog/gwisinlocker-ransomware-targets-south-korean-industrial-and-pharmaceutical-companies","the ransomware have also some cases where changes the extension name to the name of the targeted company",""
"Hades","2020-2022","","Not Active","Windows","Gold Winter ","AES+RSA","MafiaWare666;jcrypt;brutusptCrypt;bmcrypt;cyberone;l33ch;hades","HOW-TO-DECRYPT-w{16}.txt","https://www.mandiant.com/resources/blog/unc2165-shifts-to-evade-sanctions;https://www.crowdstrike.com/blog/hades-ransomware-successor-to-indrik-spiders-wastedlocker/;https://www.secureworks.com/blog/hades-ransomware-operators-use-distinctive-tactics-and-infrastructure","Moving to lockbit RAAS program",""
"Hermes","2017-2019","","Not Active","Windows","","RSA-2048","","DECRYPT_INFORMATION.html","","",""
"IceFire","2022-2023","","Unknown","Windows,Linux","","AES+RSA","ifire","iFire-readme.txt","https://www.sentinelone.com/labs/icefire-ransomware-returns-now-targeting-linux-enterprise-networks/","",""
"Jigsaw","2016","","Not Active","Windows","","AES","fun;kkk;btc;gws;porno;pornoransom;payransom;paybtcs;AFD;payms;pays;paym;paymrss;payrms;paymts;paymds;paymrts;epic","","https://malwaretips.com/threads/analysis-msil-ransomware-jigsaw.63251/;https://community.turgensec.com/jigsaw-ransomware-analysis-using-volatility/","Hardcoded password used for the encryption. The ransom note is displayed on the screen",""
"Lockbit","2019-now","","Active","Windows,Linux;ESXI;MacOS","Gold Mystic","XSalsa20-Poly1305-Blake2b-Curve25519+AES-128","abcd;lockbit","Restore-my-files.txt","https://26168787.fs1.hubspotusercontent-eu1.net/hubfs/26168787/whitepapers/NW_CERT_LockBit_whitepaper_1.0%20(2).pdf;https://threatmon.io/blog/lockbit-2-0-ransomware-analysis/;https://www.adacis.net/analyse-lockbit/;https://www.cisa.gov/news-events/cybersecurity-advisories/aa23-165a;https://www.lifars.com/wp-content/uploads/2022/02/LockBitRansomware_Whitepaper.pdf;https://chuongdong.com/reverse%20engineering/2022/03/19/LockbitRansomware/;https://www.bleepingcomputer.com/news/security/lockbit-ransomware-encryptors-found-targeting-mac-devices/","ABCD ransomware > Lockbit",""
"bl00dy","2022-now","","Active","Windows","","XSalsa20-Poly1305-Blake2b-Curve25519+AES-128;Curve25519/NIST K-571 + ChaCha20","bl00dy","How To Restore Your Files.txt","https://www.bleepingcomputer.com/news/security/fbi-bl00dy-ransomware-targets-education-orgs-in-papercut-attacks/;https://securelist.com/lockbit-ransomware-builder-analysis/110370/","Reuse the leaks of LockBit, Babuk, Conti source code rather than developing their own software",""
"Maze","2019-2020","Maze Locker;MazeLocker;ChaCha;ChaChaLocker","Not Active","Windows","Gold Village","ChaCha20+RSA-2048","\w{4-7}","DECRYPT-FILES.txt","https://securelist.com/maze-ransomware/99137/;https://www.mcafee.com/blogs/other-blogs/mcafee-labs/ransomware-maze/","Maze  >  Sekhmet >  Egregor",""
"Nokoyawa","2022-now","","Active","Windows","Gold Mansard","SECT233R1 and Curve25519 and Salsa20","NOKOYAWA","NOKOYAWA_readme.txt","https://www.sentinelone.com/anthology/nokoyawa/;https://www.sentinelone.com/labs/karma-ransomware-an-emerging-threat-with-a-hint-of-nemty-pedigree/","",""
"Karma","2021-2022","","Not Active","Windows","Gold Mansard","ChaCha20+Secp256k1;Salsa20+Sect233r1","KARMA","KARMA-AGREE.txt;KARMA-ENCRYPTED.txt","https://www.sentinelone.com/labs/karma-ransomware-an-emerging-threat-with-a-hint-of-nemty-pedigree/;https://cyble.com/blog/a-deep-dive-analysis-of-karma-ransomware/","",""
"Phobos","2019-now","","Active","Windows","Gold Equinox","AES-128(CBC)/AES-256(CBC)+RSA","8base;acute;actin;Acton;actor;Acuff;Acuna;acute;adage;Adair;Adame;banhu;banjo;Banks;Banta;Barak;Caleb;Cales;Caley;calix;Calle;Calum;Calvo;deuce;Dever;devil;Devoe;Devon;Devos;dewar;eight;eject;eking;Elbie;elbow;elder;phobos;help;blend;bqux;com;mamba;KARLOS;DDoS;phoenix;PLUT;karma;bbc;CAPITAL","info.(txt|hta)","https://www.malwarebytes.com/blog/news/2019/07/a-deep-dive-into-phobos-ransomware;https://www.fortinet.com/blog/threat-research/deep-analysis-the-eking-variant-of-phobos-ransomware;https://blog.talosintelligence.com/understanding-the-phobos-affiliate-structure/","",""
"LV","2021-now","","Active","Windows","Gold Northfield","AES+RSA","\w{7,9}","\w{2,16}-README.txt;","https://www.secureworks.com/research/lv-ransomware;https://www.trendmicro.com/en_us/research/22/j/lv-ransomware-exploits-proxyshell-in-attack.html","",""
"RansomEXX","2020-2022","Defray777;EXX","Not Active","Windows;Linux;ESXI","Gold Dupont","AES-256 (ECB) + RSA-4096","\w{2,12}","\w{2,12}_READ_ME!.txt;!NEWS_FOR_\w{2,12}!","https://id-ransomware.blogspot.com/2020/06/ransomexx-ransomware.html;https://www.trendmicro.com/vinfo/us/security/news/ransomware-spotlight/ransomware-spotlight-ransomexx;https://securelist.com/ransomexx-trojan-attacks-linux-systems/99279/","",""
"Rorschach","2023-now","BabLock","Active","Linux,ESXI","","Sosemanuk+Curve25519;curve25519+hc-128","slpqne.\d{1,2}","_r_e_a_d_m_e.txt","https://www.trendmicro.com/en_us/research/23/d/an-analysis-of-the-bablock-ransomware.html;https://www.group-ib.com/blog/bablock-ransomware/;https://research.checkpoint.com/2023/rorschach-a-new-sophisticated-and-fast-ransomware/","Based on the babuk source code",""
"Royal","2022-2023","","Not Active","Windows,Linux,ESXI","Gold Souvenir","AES256+RSA-2048","royal_u;royal_w;royal","How to Restore Your Files.html;README.TXT","https://web.archive.org/web/20230727154000/https://blog.talosintelligence.com/talos-ir-q2-2023-quarterly-recap/;https://web.archive.org/web/20230510110052/https://unit42.paloaltonetworks.com/royal-ransomware/;http://web.archive.org/web/20230227130346/https://www.trendmicro.com/en_us/research/23/b/royal-ransomware-expands-attacks-by-targeting-linux-esxi-servers.html;https://www.cybereason.com/blog/royal-ransomware-analysis;https://resources.securityscorecard.com/research-ungated/the-royal-ransomware","Now rebanded in BlackSuit ransomware group",""
"Ryuk","2018 - 2021","","Not Active","Windows","Gold Ulrick/Grim Spider","AES256+RSA-2048","RYK","RyukReadMe.txt","Windows :;https://www.cert.ssi.gouv.fr/uploads/CERTFR-2020-CTI-011.pdf;thedfirreport.com/2020/10/08/ryuks-return/;https://n1ght-w0lf.github.io/malware analysis/ryuk-ransomware/;https://fourcore.io/blogs/ryuk-ransomware-simulation-mitre-ttp","Ryuk adds a marker in the encrypted files using the keyword �HERMES�.",""
"Turtle","2023","TURTLERANS;Turtle Ransomware;TurmiRansom","Active","MacOS","","RSA-2048","TURTLERANSv0","","https://objective-see.org/blog/blog_0x76.html","",""
"ViceSociety","2020-2022","Hellokitty;Kitty;KittyCrypt","Not Active","Windows,Linux","Gold Victor","AES-256 + RSA-2048;NTRU+AES-128;AES256 + secp256k1 + ECDSA","locked;kitty;crypted;v-society;boombye","read_me_\w{4,12}.txt;","https://www.crowdstrike.com/blog/new-ransomware-variant-uses-golang-packer/;https://www.sentinelone.com/labs/hellokitty-ransomware-lacks-stealth-but-still-strikes-home/;https://medium.com/proferosec-osm/static-unpacker-and-decoder-for-hello-kitty-packer-91a3e8844cb7;https://www.cisa.gov/news-events/cybersecurity-advisories/aa22-249a-0","",""
"PolyVice","2023-now","","Active","Windows","Gold Victor","ChaCha20+Poly1305","ViceSociety;v-society","ALL YOUR FILES ARE ENCRYPTED!!!;AllYFilesAE","https://www.sentinelone.com/labs/custom-branded-ransomware-the-vice-society-group-and-the-threat-of-outsourced-development/;https://www.intrinsec.com/wp-content/uploads/2023/02/20230119_TLPCLEAR_Vice_Society_BLOG_Version_EN.pdf","Overloop code with Chily and SunnyDay ransomware",""
"WannaCry","2017","","Not Active","Windows","","","","","https://logrhythm.com/blog/a-technical-analysis-of-wannacry-ransomware/","",""
"Jarjets","2023","","Active","Windows","","Salsa20","Jarjets","Jarjets_ReadMe.txt","https://twitter.com/threatintel/status/1717914332019753208","Rebrand of Cylance ransomware","12/8/2023"
"BlackShadow","2023","","Active","Windows","","Salsa20","BLackSh","BLackSh_Help.txt","","Rebrand of Jarjets ransomware (Cylance > Jarjets > BlackShadow)","12/8/2023"
"Cheerscrypt","2022-2023","","Active","Windows;ESXI","Emperor Dragonfly;DEV-401","Sosemanuk+Curve25519","Cheers","How to Restore Your Files.txt","https://www.trendmicro.com/en_us/research/22/e/new-linux-based-ransomware-cheerscrypt-targets-exsi-devices.html;https://blog.sygnia.co/revealing-emperor-dragonfly-a-chinese-ransomware-group","Based on the Babuk source-code leaks we have seen over 2021. Lockfile > AtomSilo > Rook > Pandora > NightSky > Cheerscrypt",""
"AvosLocker","2021-now","","Active","Windows,Linux,ESXI","Gold Espresso","Salsa20","avoslinux;avos2","README_FOR_RESTORE","ESXI:;https://cyble.com/blog/avoslocker-ransomware-linux-version-targets-vmware-esxi-servers/","",""
"Hive","2021-2023","","Not Active","Windows,Linux,ESXI","Gold Hawthorne","","21k5p","_HOW_TO_DECRYPT.txt","ESXI:;https://www.virustotal.com/gui/file/ecd2617338b3295f8fc98dd4a292e4f3a4d7de10b8204430745a5ba596e3a8d2/community","",""
"Hunters International","2023-now","","Active","Windows,Linux,ESXI","Gold Hawthorne","ChaCha20-Poly1305+RSA OAEP","locked","Contact Us.txt","https://www.bitdefender.com/blog/businessinsights/hive-ransomwares-offspring-hunters-international-takes-the-stage/","Rebrand of Hive ransomware",""
"Rhysida","2023-now","","Active","Windows","Gold Victor","ChaCha20","rhysida","CriticalBreachDetected.pdf","https://www.sentinelone.com/anthology/rhysida/;https://www.cisa.gov/news-events/cybersecurity-advisories/aa23-319a;https://www.secplicity.org/2023/05/23/scratching-the-surface-of-rhysida-ransomware/;https://detect.fyi/rhysida-ransomware-and-the-detection-opportunities-3599e9a02bb2;https://www.fortinet.com/content/dam/fortinet/assets/threat-reports/rhysida-ransomware-intrusion.pdf","Rebrand of HelloKitty ransomware",""
"Luna","2022","","Not Active","Windows,Linux,ESXI","","Curve25519 and AES-256 (CTR)","Luna","readme-Luna.txt","https://nikhilh-20.github.io/blog/luna_ransomware/","",""
"REvil","2019-now","Sodinokibi","Active","Windows,Linux,ESXI","Gold Southfield","AES-256 CTR/Salsa20+RSA","\w{5,10}","\w{5,10}-readme.txt","https://resources.securityscorecard.com/research/detailed-analysis-revil;https://www.secureworks.com/blog/revil-development-adds-confidence-about-gold-southfield-reemergence?linkId=164334801;https://www.trendmicro.com/vinfo/us/security/news/ransomware-spotlight/ransomware-spotlight-revil;https://www.tgsoft.it/immagini/news/20190705Sodinokibi/Sodinokibi_eng.pdf","",""
"Diablo","now","","Unknown","Windows","","AES","","","https://twitter.com/DailyDarkWeb/status/1735351446629945688","",""
"Akira","2023-now","","Active","Windows,Linux","Gold Sahara","Chacha20","akira","akira_readme.txt","https://www.sentinelone.com/blog/from-conti-to-akira-decoding-the-latest-linux-esxi-ransomware-families/;https://www.trendmicro.com/vinfo/us/security/news/ransomware-spotlight/ransomware-spotlight-akira;https://blog.bushidotoken.net/2023/09/tracking-adversaries-akira-another.html","Rebrand of Conti group",""
"Akira","2017","","Not Active","Windows","","","akira","","https://www.enigmasoftware.com/akiraransomware-removal/","",""
"Zombi","2023-now","","Active","Windows","","AES","zombi2","How_to_back_files.html","","Forked stain from MedusaLocker",""
"BlackLegion","2021-now","","Active","Windows","","AES-256 ECB (RSA-4096)","BlackLegion","DecryptNote.txt;DecryptNote-.{8}Me.txt","https://www.bleepingcomputer.com/forums/t/791844/blacklegionblackdream-ransomware-random-8-charsemail-support-topic/","Rename of BlackDream ?",""
"BlackDream","2021-now","","Active","Windows","","AES-256 ECB (RSA-4096)","BlackDream","ReadME-Decrypt.txt","","BlackHeart > BlackRouter > BlackDream",""
"BlackRouter","2018-2019","","Not Active","Windows","","AES-256 ECB (RSA-4096)","BlackRouter","ReadME-BlackRouter","https://www.trendmicro.com/en_us/research/18/e/legitimate-application-anydesk-bundled-with-new-ransomware-variant.html;https://twitter.com/petrovic082/status/1081819901797548032","BlackHeart > BlackRouter",""
"BlackHeart","2018-2019","","Not Active","Windows","","AES-256 ECB (RSA-4096)","BlackRouter;pay2me","ReadME-BLackHeart.txt","https://id-ransomware.blogspot.com/2018/04/blackheart-ransomware.html","",""
"MarioLocker","2019-2021","","Not Active","Windows","","","wanted","@ Readme.txt;WastedBitDecryptor","https://otx.alienvault.com/pulse/6512f7262fbdfbc7d398b2c8;https://www.virustotal.com/gui/file/26ebdda500de80766d1d4d080d608d6e3ee48a78401c1084f0c2399f1605c7c2/relations","Possible affliation with RansomHouse group. The files are hosted in gofile.io (ransom + payloads)",""
"Kupidon","2019-2021","","Not Active","Windows","","","kupidon","!KUPIDON_DECRYPT.txt","","",""
"Rapture","2023-now","","Active","Windows","Gold Fiesta","AES+RSA","7qzxid;qiSgqu","(qiSgqu|7qzxid)-README.txt","https://www.trendmicro.com/fr_fr/research/23/d/rapture-a-ransomware-family-with-similarities-to-paradise.html;https://cyware.com/news/new-rapture-ransomware-bears-notable-similarities-with-paradise-189231e7","",""
"$$$ Ransomware","2019-2021","","Not Active","Windows","","","$$$","readme.txt","https://www.virustotal.com/gui/file/d44df8fc28ccfa08c75e9965b3cc145d82111137e70b96946331e113ec6dd0b9/detection","",""
"0kilobypt","2016-2021","","Not Active","Windows","","","Aebaih6i;CRYP;val;crlth2eeluEivoh1naleph0uxo;mechu5Po;0kilobypt","WHERE ARE YOUR FILES READ ME.txt;!!!(TECH_SUPPORT|ACCESS_\sTO_FILES_WRITE|HELP_\sWITH_FILES)(_\s|\s__\s)\(.{6,9}@.{6,12}\)\.txt","https://id-ransomware.blogspot.com/2016/03/0kilobypt-ransomware.html;https://twitter.com/Amigo_A_/status/1106189374277017600","",""
"0mega","2022-now","","Active","Windows","","","0mega","DECRYPT-FILES.txt;PREVENT-LEAKAGE.txt","https://web.archive.org/web/20230611041546/https://www.obsidiansecurity.com/blog/saas-ransomware-observed-sharepoint-microsoft-365/","",""
"0XXX","2023-now","","Active","Windows","","","0XXX","!0XXX_DECRYPTION_README.TXT","https://www.nakivo.com/blog/what-is-0xxx-ransomware-detection-protection-and-recovery/","",""
"16x","2021","","Not Active","Windows","","","16x","","https://www.pcrisk.com/removal-guides/19800-16x-ransomware","IOC:55b45f61809f8532b84ebdc2c8020514c4d0f91af6debcd9b82634070312a76b;adc220109f73acdd307036a6d14bffa68103a48e2305c3a4f1533aab74d9deb8;Note:Ransom note printed in the cmd that launch ed by the payload of the ransomware",""
"24H Ransomware","2021","","Not Active","Windows","","","24H","ReadME-24H.txt","https://www.pcrisk.com/removal-guides/13092-24h-ransomware","",""
"Mallox","2022-now","TargetCompany;FARGO;Tohnichi","Active","Windows","","ChaCha20/AES-128 + Curve25519","FARGO;FARGO2;FARGO3;exploit;avast;bitenc;xollam;mallox","RECOVERY FILES.txt;FILE RECOVERY.txt","https://www.picussecurity.com/resource/blog/fargo-ransomware-analysis-and-simulation;https://unit42.paloaltonetworks.com/mallox-ransomware/;https://www.sangfor.com/blog/cybersecurity/new-threat-mallox-ransomware;https://labs.k7computing.com/index.php/mallox-ransomware/","",""
"Hornet","2022-2023","","Not Active","Windows","","RSA2048","","README_\d{7,10}.txt","https://rixed-labs.medium.com/a-brief-analysis-of-hornet-ransomware-ec958e9cf310","Take as ransom extenion the base64 of the name of file",""
"Agenda","2022-2023","Qilin;AgendaCrypt","Not Active","Windows","","AES-256+RSA-2048","[a-zA-Z]{10}","\w{3,12}-RECOVER-README.txt","https://www.trendmicro.com/en_us/research/22/l/agenda-ransomware-uses-rust-to-target-more-vital-industries.html;https://www.trendmicro.com/content/dam/trendmicro/global/en/research/22/h/new-golang-ransomware-agenda-customizes-attacks/IOCs-blog-New%20Golang%20Ransomware%20Agenda%20Customizes%20Attacks.txt;https://www.group-ib.com/blog/qilin-ransomware/","Extension based on ten random letters (up and downcase) used as id victim company",""
"ARCrypter","2022","Chile Locker","Not Active","Windows;Linux;ESXI","","AES+RSA","crypt","readme_for_unlock.txt","https://blogs.blackberry.com/en/2022/11/arcrypter-ransomware-expands-its-operations-from-latin-america-to-the-world","",""
"BianLian","2022-now","","Active","Windows","Masked Spider","AES-256 (CBC)","bianlian","Look at this instruction.txt","https://www.logpoint.com/wp-content/uploads/2023/06/logpoint-etpr-bianlian-ransomware.pdf;https://resources.securityscorecard.com/research/bian-lian-deep-dive","",""
"Bisamware","2022-2023","","Not Active","Windows","","AES + RSA","BISAMWARE","SYSTEM=RANSOMWARE=INFECTED.TXT","https://twitter.com/h2jazi/status/1570246175747457026;https://www.cynet.com/wp-content/uploads/2022/11/Monthly_Ransomware_Activity_Report_September_2022.pdf","",""
"BlackMatter","2021","","Not Active","Windows; Linux;EXSI","Gold Waterfall","Salsa20 + RSA-1024;HC-256 + RSA-4096","\w{8,10}","\w{8,10}.README.txt","https://www.group-ib.com/blog/blackmatter-ransomware/;https://www.vmware.com/content/dam/digitalmarketing/vmware/en/pdf/docs/vmw-exposing-malware-in-linux-based-multi-cloud-environments.pdf;https://blogs.blackberry.com/en/2021/09/threat-thursday-blackmatter-ransomware-as-a-service","",""
"BlackSuit","2023-now","","Active","Windows;Linux;ESXI","Gold Souvenir","AES256+RSA-2048","blacksuit","README.BlackSuit.txt","https://www.trendmicro.com/fr_fr/research/23/e/investigating-blacksuit-ransomwares-similarities-to-royal.html;https://cyble.com/blog/blacksuit-ransomware-strikes-windows-and-linux-users/","royal > blacksuit",""
"Checkmate","2022-now ?","","Unknown","Windows","","","checkmate","!CHECKMATE_DECRYPTION_README.txt","https://www.pcrisk.fr/guides-de-suppression/11551-checkmate-ransomware;https://www.bitdefender.com/blog/hotforsecurity/qnap-nas-users-targeted-with-ransomware-again-this-time-its-checkmate/","",""
"Cring","2020-2021","RSA;Vjiszy1lo;Ghost;Phantom;VnBeHa99y;Pay4it","Not Active","Windows","Gold fIesta","AES-256 +  RSA-8192","RSA;cring;vjiszy1lo;jpghosts;phantom;VnBeHa99y;pay4it;lldc;locked;sg-ghosts;just4money","!!!!deReadMe!!!.txt;HOW_CAN_GET_FILES_BACK.(txt|rtf);LOOK_THIS_BACK_FILE.(txt|rtf);HOW_CAN_RECOVERY.txt","https://id-ransomware.blogspot.com/2021/01/cring-ransomware.html","",""
"Cuba","2019-now","Fidel","Active","Windows","Gold Flamingo","ChaCha20+RSA","cuba","!! READ ME !!.txt","https://securelist.com/cuba-ransomware/110533/;https://www.cisa.gov/news-events/cybersecurity-advisories/aa22-335a","",""
"DarkBit","2023-now","","Active","Windows","Gold Aztec","AES-256+RSA","Darkbit","RECOVERY_DARKBIT.txt","https://blogs.blackberry.com/en/2023/02/darkbit-ransomware-targets-israel;https://cyble.com/blog/uncovering-the-dark-side-of-darkbit-ransomware/","",""
"DearCry","2021","DoejoCrypt","Not Active","Windiws","","AES-256+RSA-2048","CRYPT","readme.txt","https://niiconsulting.com/checkmate/2021/04/technical-analysis-of-dearcry-ransomware/;https://lifars.com/wp-content/uploads/2021/04/DearCry_Ransomware.pdf;https://www.cisa.gov/news-events/analysis-reports/ar21-102b","",""
"Defray","2018-2020","","Not Active","Windows","Gold Dupont","AES-256 (ECB) + RSA-4096","\w{2,6}777;c3nt3r;.waynedd1911;c0mp4ny_n4m3","!!!_Read_Me_How_To_DeCrypt_Files_!!!.tXt;#-CENTER-Read-It-Urgent-#.txt ;!_WAYNEDD-README.txt;!~COMPANY_NAME~!.txt;\w{2,12}_READ_ME!.txt;777-\w{2,12};-\w{2,12}911-\w{2,12};","https://id-ransomware.blogspot.com/2017/08/defray-ransomware.html","",""
"Egregor","2020-2021","","Not Active","Windows","Gold Village;Gold Phantom","ChaCha8 + RSA-2048","[a-zA-Z]{4,6}","RECOVER-FILES.txt","https://www.forescout.com/resources/egregor-ransomware/;https://www.group-ib.com/blog/egregor/;https://lifars.com/wp-content/uploads/2021/01/MALWARE-ANALYSIS-UNPACKING-OF-EGREGOR-RANSOMWARE.pdf;https://cyble.com/blog/egregor-ransomware-a-deep-dive-into-its-activities-and-techniques/","Maze  >  Sekhmet >  Egregor",""
"H0lyGh0st","2021","HolyLocker;SiennaPurple;SiennaBlue","Not Active","Windows","Plutonium","AES 128(CBC)+RSA-1024","h0lyenc","FOR_DECRYPT.html","https://www.picussecurity.com/resource/h0lygh0st-north-korean-threat-group-strikes-back-with-new-ransomware;https://blogs.blackberry.com/en/2022/08/h0lygh0st-ransomware","",""
"HadesLocker","2016","","Not Active","Windows","","AES-256 + RSA-2048","~HL[a-zA-Z]{5}","README_RECOVER_FILES_\w{16}.(txt|png|html)","https://www.bleepingcomputer.com/news/security/wildfire-rises-from-the-grave-as-the-rebranded-hades-locker/;https://www.proofpoint.com/us/threat-insight/post/hades-locker-ransomware-mimics-locky","Hades Locker is based on the WildFire Locker.",""
"Hello","2021-2022","WickrMe","Not Active","Windows","Gold Fiesta","AES-128+RSA-2048","hello;bonjour","Readme!!!.txt","https://www.brucert.org.bn/advisory-hello-wickrme-ransomware;https://www.trendmicro.com/fr_fr/research/21/d/hello-ransomware-uses-updated-china-chopper-web-shell-sharepoint-vulnerability.html","",""
"LockFile","2021","","Not Active","Windows","Emperor Dragonfly;DEV-401","AES128 (CBC) + RSA-2048","lockfile","LOCKFILE-README-FILE-(\w{1,16}|\w{1,16}-\w{1,8})-\d{10}.hta","https://news.sophos.com/en-us/2021/08/27/lockfile-ransomwares-box-of-tricks-intermittent-encryption-and-evasion/","Based on the Babuk source-code leaks we have seen over 2021. Lockfile > AtomSilo > Rook > Pandora > NightSky > Cheerscrypt",""
"Locky","2016","","","","","AES-128 + RSA2048","locky;osiris;diablo6;ykcol;aesir;asasin;loptr;shit;ykcol;zzzzz;thor;lukitus","OSIRIS-\w{4}.htm;diablo6-\w{4}.htm;","https://www.malwarebytes.com/blog/news/2016/03/look-into-locky;https://www.bleepingcomputer.com/news/security/locky-ransomware-switches-to-egyptian-mythology-with-the-osiris-extension/","",""
"Loki","2021-2023","blackbit","Not Active","Windows","","AES-256 (GCM) + RSA-2048","BlackBit;Loki;Rainman;PayForKey;Adair;Boresh;onion700;DATA","Restore-My-Files.txt;info.hta;#FILES-ENCRYPTED.txt","https://id-ransomware.blogspot.com/2021/10/lokilocker-ransomware.html;https://cyble.com/blog/blackbit-ransomware-a-threat-from-the-shadows-of-lokilocker/;https://asec.ahnlab.com/en/51497/","",""
"Makop","2020-now","Fair","Active","Windows","","AES-256 + RSA-2048","fair;makop;mkp","readme-warning.txt;+README-WARNING+.txt;makop-readme.txt","https://medium.com/@lcam/makop-the-toolkit-of-a-criminal-gang-53cd44563c11;https://www.cyfirma.com/outofband/technical-analysis-makop-ransomware/;https://lifars.com/wp-content/uploads/2021/08/Makop-Ransomware-Whitepaper-case-studyNEW-1.pdf","",""
"MarsJoke","2016","Polygot","Not Active","Windows","","Curve25519+AES-256 (ECB)","a19;ap19","ReadMeFilesDecrypt!!!.txt;�!!! Readme For Decrypt !!!.txt","https://securelist.com/polyglot-the-fake-ctb-locker/76182/;https://www.proofpoint.com/us/threat-insight/post/MarsJoke-Ransomware-Mimics-CTB-Locker","",""
"Maui","2021-2022","","Not Active","Windows","Plutonium","AES 128(CBC)+RSA-1024","","","https://redpiranha.net.au/news/threat-intelligence-report-july-19-july-25-2022;https://www.cisa.gov/news-events/cybersecurity-advisories/aa22-187a;https://www.picussecurity.com/resource/maui-ransomware-north-korean-threat-actors-attack-healthcare-sector","",""
"Mespinoza","2020-2022","Pysa","Not Active","Windows","Gold Burlap","AES CBC+RSA","pysa","Readme.README","https://dissectingmalwa.re/another-one-for-the-collection-mespinoza-pysa-ransomware.html;https://25491742.fs1.hubspotusercontent-eu1.net/hubfs/25491742/%5BPYSA%5D%20Ransomware%20Group%20In-Depth%20Analysis.pdf","Vurten > Mespinoza > Pysa",""
"N3TW0RM","2021","","Not Active","Windows","","","n3tw0rm","N3TWORM_MESSAGE.TXT","https://twitter.com/TrendMicroRSRCH/status/1389422784808378370","",""
"Nefilim","2020-2021","Nephilim","Not Active","Windows","Gold Mansard","AES-128 + RSA-2048","Nefilim;NEPHILIM","NEPHILIM-DECRYPT.txt","https://blog.qualys.com/vulnerabilities-threat-research/2021/05/12/nefilim-ransomware","",""
"Nemty","2019-2021","","Not Active","Windows","Gold Mansard","AES-128 (CBC) + RSA-2048","nemty","NEMTY-DECRYPT.txt","https://www.sentinelone.com/labs/meet-nemty-successor-nefilim-nephilim-ransomware/;https://www.mcafee.com/blogs/other-blogs/mcafee-labs/nemty-ransomware-learning-by-doing/;https://www.fortinet.com/blog/threat-research/nemty-ransomware-early-stage-threat","",""
"NightSky","2022-2023","","Not Active","Windows","Emperor Dragonfly;DEV-401","AES128 (CBC) + RSA-2048","nightsky","NightSkyReadMe.hta","https://www.forescout.com/resources/night-sky-ransomeware-threat-brief/;https://github.com/Dump-GUY/Malware-analysis-and-Reverse-engineering/blob/main/NightSky_Ransomware%E2%80%93just_a_Rook_RW_fork_in_VMProtect_suit/NightSky_Ransomware%E2%80%93just_a_Rook_RW_fork_in_VMProtect_suit.md","Based on the Babuk source-code leaks we have seen over 2021. Lockfile > AtomSilo > Rook > Pandora > NightSky > Cheerscrypt",""
"Pandora","2022","","Not Active","Windows","Emperor Dragonfly;DEV-401","AES128 (CBC) + RSA-2048","Pandora","Restore_My_Files.txt","https://cyble.com/blog/deep-dive-analysis-pandora-ransomware/;https://explore.avertium.com/resource/in-depth-pandora-ransomware;https://www.cloudsek.com/blog/technical-analysis-of-emerging-sophisticated-pandora-ransomware-group;https://www.fortinet.com/blog/threat-research/looking-inside-pandoras-box","Pandora is a re-brand of ROOK Based on the Babuk source-code leaks we have seen over 2021. Lockfile > AtomSilo > Rook > Pandora > NightSky > Cheerscrypt",""
"Paradise","2018-now","Paradise .NET;ParadiseB29","Active","Windows","","AES+RSA-1024","paradise","#DECRYPT MY FILES#.txt","https://www.acronis.com/en-us/blog/posts/paradise-ransomware-strikes-again/;https://mssplab.github.io/threat-hunting/2023/06/23/src-paradise.html","",""
"Pay2Key","2020-2021","","Not Active","Windows","Pioneer Kitten","AES + RSA","enc;pay2key","SALAM_MESSAGE.TXT;\w{2,16}_MESSAGE.TXT","https://research.checkpoint.com/2020/ransomware-alert-pay2key/;https://www.bleepingcomputer.com/news/security/intels-habana-labs-hacked-by-pay2key-ransomware-data-stolen/;https://www.clearskysec.com/wp-content/uploads/2020/12/Pay2Kitten.pdf","",""
"RagnarLocker","2020-2023","","Not Active","Windows","Viking Spider","Salsa20+ RSA-2048","ragnar_\w{8};RAGN@R_ [A-Z0-9]{8}","RGNR_\w{8}.txt;!$R4GN4R__ [A-Z0-9]{8}$!.txt","https://github.com/StrangerealIntel/CyberThreatIntel/blob/master/Additional%20Analysis/RagnarLocker/2020-08-08/Analysis.md;https://blogs.blackberry.com/en/2021/07/threat-thursday-ragnar-locker-ransomware;https://cyble.com/blog/deep-dive-into-ragnar-locker-ransomware-gang/;https://www.bleepingcomputer.com/news/security/ragnar-locker-ransomware-developer-arrested-in-france/","Dev of ransomware was arrested in Paris, France, on 16 October, and his home in Czechia was searched. Ukrainian police raided the premises of another suspected gang members in Kyiv, seizing laptops, mobile phones, and electronic devices","12/22/2023"
"Rook","2021-2022","Tower","Not Active","Windows","Emperor Dragonfly;DEV-401","AES128 (ECB) + RSA-2048","Tower;Rook","HowToRestoreYourFiles.txt","https://kcm.trellix.com/corporate/index?page=content&id=KB95751&locale=en_US;https://www.sentinelone.com/labs/new-rook-ransomware-feeds-off-the-code-of-babuk/;https://chuongdong.com/reverse%20engineering/2022/01/06/RookRansomware/#rsa-key-generation","Based on the Babuk source-code leaks we have seen over 2021. Lockfile > AtomSilo > Rook > Pandora > NightSky > Cheerscrypt",""
"Atomsilo","2021-2022","","Not Active","Windows","Emperor Dragonfly;DEV-401","AES128 (CBC) + RSA-2048","ATOMSILO","README-FILE-(\w{1,16}|\w{1,16}-\w{1,8})-\d{10}.hta","https://www.cyfirma.com/outofband/malware-research-on-atomsilo-ransomware/;https://chuongdong.com/reverse engineering/2021/10/13/AtomSiloRansomware/","Based on the Babuk source-code leaks we have seen over 2021. Lockfile > AtomSilo > Rook > Pandora > NightSky > Cheerscrypt",""
"SamSam","2015-2020","Samas","Not Active","Windows","Gold Lowell","AES-256 (CBC) + RSA-2048","encryptedRSA;justbtcwillhelpyou;btc-help-you","HELP_DECRYPT_YOUR_FILES.txt;HELP_DECRYPT_YOUR_FILE.txt","https://blog.talosintelligence.com/samsam-ransomware/;https://www.secureworks.com/blog/samas-ransomware;https://www.crowdstrike.com/blog/an-in-depth-analysis-of-samsam-ransomware-and-boss-spider/","",""
"Sekhmet","2020-2021","","Not Active","Windows","Gold Village","ChaCha20+RSA-2048","\w{4-7}","RECOVER-FILES.txt","https://www.acronis.com/en-us/blog/posts/sekhmet-ransomware/","Maze  >  Sekhmet >  Egregor",""
"Lorenz","2021-now","ThunderCrypt","Active","Windows","Gold Lounge","AES-128 (CBC) + RSA","sz40","HELP_SECURITY_EVENT.html;HELP.TXT","https://www.tesorion.nl/en/posts/lorenz-ransomware-analysis-and-a-free-decryptor/;https://www.tesorion.nl/en/posts/lorenz-ransomware-rebound-corruption-and-irrecoverable-files/;https://arcticwolf.com/resources/blog/lorenz-ransomware-getting-dumped/;https://www.securityweek.com/cisa-warns-of-two-mitel-vulnerabilities-exploited-in-wild/","",""
"Ballacks","2022","","Not Active","Windows","","AES-256 + RSA-2048","ballacks","ReadthisforDecode.txt","https://www.cynet.com/wp-content/uploads/2022/11/Monthly_Ransomware_Activity_Report_September_2022.pdf","",
